16070018,Truth (Consequences, #2),67,4.72
16159276,Touch & Geaux (Cut & Run, #7),20,4.6
18052619,Killing Sarai (In the Company of Killers, #1),35,4.54
25812109,The Female of the Species,28,4.54
8701129,Love You More (Tessa Leoni, #1; Detective D.D. Warren, #5),20,4.45
13642963,Speaking from Among the Bones (Flavia de Luce, #5),25,4.44
16150996,Convicted (Consequences, #3),59,4.39
32423,Watchers,23,4.39
9970042,Whispers Under Ground (Peter Grant, #3),23,4.39
22929578,The Fixer (The Fixer, #1),23,4.39
23807,The Silence of the Lambs  (Hannibal Lecter, #2),24,4.38
29981261,The Butterfly Garden (The Collector #1),32,4.34
28220985,A Great Reckoning (Chief Inspector Armand Gamache, #12),22,4.32
9226039,Into the Darkest Corner,32,4.31
32075854,Magpie Murders,23,4.3
26082188,The Dispatcher,20,4.3
19486412,Big Little Lies,214,4.29
20980959,Blue Labyrinth (Pendergast, #14),21,4.29
18090147,The Enchanted,32,4.28
10680329,A Trick of the Light (Chief Inspector Armand Gamache, #7),25,4.28
29430013,The Trespasser (Dublin Murder Squad #6),30,4.27
25735012,Career of Evil (Cormoran Strike, #3),88,4.26
12922320,Criminal (Will Trent, #6),23,4.26
33561990,Bad Mommy,23,4.26
15729539,NOS4A2,95,4.25
